{"cameraMode":{"drawMode":0,"name":"Shaded","section":"Shading Mode"},"sceneLighting":true,"audioPlay":false,"sceneViewState":{"showFog":true,"showMaterialUpdate":false,"showSkybox":true,"showFlares":true,"showImageEffects":true,"showParticleSystems":true},"in2DMode":false,"pivot":{"x":-0.37068796157836916,"y":2.7103400230407717,"z":1.9205600023269654},"rotation":{"x":-0.25420859456062319,"y":0.605345606803894,"z":-0.21264199912548066,"w":-0.7236739993095398},"size":11.891792297363282,"orthographic":false}