{"cameraMode":{"drawMode":0,"name":"Shaded","section":"Shading Mode"},"sceneLighting":true,"audioPlay":false,"sceneViewState":{"showFog":true,"showMaterialUpdate":false,"showSkybox":true,"showFlares":true,"showImageEffects":true,"showParticleSystems":true},"in2DMode":false,"pivot":{"x":1.4306399822235108,"y":2.5292820930480959,"z":1.4629390239715577},"rotation":{"x":-0.26015153527259829,"y":-0.3550993502140045,"z":0.10357683151960373,"w":-0.8918948173522949},"size":3.5575032234191896,"orthographic":false}